station,lat,lon,elevation,avg_temp,avg_pressure,avg_precip,avg_snowfall
69015,34.2962,-116.1622,625.0,21.125223214285715,1014.021768707483,0.2955709342560554,
69052,30.42,-86.68,12.0,20.93196558570483,1017.8600552868003,4.468650519031142,
69023,48.3518,-122.656,14.0,10.767196056955093,1018.057573267598,1.993855243722304,
69007,36.6815,-121.7617,42.0,9.6132802124834,1017.0183011049724,1.368166089965398,
69029,27.8118,-97.0888,2.0,23.086311326468806,1016.1475828729283,3.851280276816609,
70000,60.78,-148.83,29.0,3.5555863598558357,1009.6212510961707,10.268268066209124,
69019,32.4198,-99.8554,545.0,19.31110645431685,1014.8119475138122,1.5511418685121106,
70119,65.25,-166.85,3.0,-2.6083679114799447,1009.91244813278,1.637923875432526,
70026,71.2833,-156.7667,13.0,-8.246673966602792,1014.9439284593661,0.5344477939161414,93.97513321492008
70117,65.5667,-167.9167,83.0,-3.9138768430182136,1009.920657550189,1.8691988950276246,
70173,66.9833,-153.7,372.0,-2.4934399999999997,1011.8749105109015,2.615141087405368,
70086,70.1333,-143.5667,2.0,-9.09506387921022,1014.9297721916732,0.5049509574964969,
70104,68.8833,-166.1,4.0,-4.399276410998553,1012.4290002914603,1.4086445366528355,
70178,65.1667,-152.1,72.0,-2.0805708013172337,1011.221213026591,0.6415001368738023,216.88965138622015
70019,66.6001,-159.9857,5.0,-3.4649217638691323,1011.2507670353194,1.5020055325034578,
70133,66.8833,-162.6,3.0,-3.260498220640569,1010.4461029623238,0.9287434984943881,241.85400175901495
70171,67.1,-157.85,88.0,-2.98894752272061,1013.3170174165458,2.3766251728907335,
70116,65.6167,-168.05,9.0,-2.8729879439556862,1011.0469917012449,1.3904109589041096,
70148,67.7362,-164.5635,4.0,-3.649852333136444,1010.7415023474177,0.8711571675302245,
70121,69.7167,-163.0,8.0,-7.836574790956952,1013.5591694230062,0.8411384217335058,
70199,64.5505,-163.0072,18.0,-0.8549428379287156,1009.0116896918172,1.8190697674418603,
70174,66.9,-151.5167,196.0,-3.1972898987133864,1012.6644101123595,1.2545031480974544,318.5695457094784
70030,70.6333,-160.0333,9.0,-8.048947823580283,1013.8182234432235,0.14745608721986675,
70194,66.5667,-145.2667,433.0,-3.39643076923077,1013.2186765857479,0.6997931034482758,
70246,63.8667,-152.3,208.0,-1.69829210836278,1006.5088628762543,1.1266628440366973,198.241978216073
70232,61.5667,-159.5333,27.0,0.3586258625862587,1008.6295529801324,2.4059548254620124,
70203,63.67,-170.5,16.0,-2.142976,1010.0889681407514,2.392392807745505,
70209,62.0954,-163.6821,103.0,-1.1535893918609967,1006.1602685231227,1.9042906574394465,
70251,62.3167,-150.1,109.0,3.011114152751163,1009.1948574622694,1.9715694330320457,423.3333333333333
70249,62.1,-152.75,560.0,-0.8284632516703786,1008.9968879668049,1.2926829268292683,264.20197044334975
70259,60.5833,-151.2333,28.0,2.8013143483023004,1008.8526966292135,1.0174546454095657,
70219,60.7833,-161.8333,37.0,0.7806133625410734,1008.3242518351213,1.472562979189485,33.67117988394584
70212,61.7833,-166.0333,139.0,-0.507459095283927,1007.1073895027624,2.3220761245674746,
70231,62.95,-155.6,103.0,-0.9115247741582262,1010.1998206814105,1.3812036273701562,242.42637151106834
70260,64.55,-149.0667,110.0,0.07245643620011209,1010.399681401832,1.0847088048578526,
70200,64.5167,-165.4333,11.0,-1.043553243909116,1008.9899321266969,1.431261976457706,182.6716510903427
70261,64.8,-147.8667,132.0,-1.0253490281960034,1010.6577735124761,1.0056118258965234,205.86203120722695
70207,63.8833,-160.8,6.0,-0.4686820841460019,1010.4156424581005,2.1317647058823526,
70204,63.7667,-171.7333,8.0,-1.291410637594978,1010.3905505661852,1.6412863070539416,
70222,64.7333,-156.9333,46.0,-1.7469001946066167,1010.8640871309831,0.7067267944381811,
70235,61.1,-155.5667,484.0,0.2907375145180026,1008.7026584867076,2.8872928176795574,
70265,64.65,-147.1,167.0,-1.7226019845644984,1010.3145170789164,1.5069108500345545,
70277,60.1167,-149.45,9.0,4.993763858093127,1008.3877671541057,4.103141361256545,
70321,59.05,-158.5167,26.0,2.6370772946859904,1008.5482628138974,2.8298221614227086,
70316,55.2167,-162.7333,30.0,4.910019162332331,1007.0835252435784,2.9305312157721795,6.922895821071219
70306,59.324,-155.9018,27.0,3.146407004830918,1009.6321624923642,2.3534578146611342,
70270,61.2667,-149.65,115.0,2.559713282621416,1008.5408655846859,2.9785911602209945,
70272,61.25,-149.7833,65.0,3.297448559670782,1007.9338607594937,2.969296375266525,
70271,62.15,-145.45,481.0,-1.1274021352313168,1012.333665559247,1.0143405538799013,
70305,58.65,-162.0667,165.0,2.5726336860165855,1007.9513093525179,3.9802205375603035,
70291,62.9667,141.9333,523.0,-3.310477235326385,1012.7924894514767,0.5529170090386196,100.81818181818181
70326,58.6833,-156.65,17.0,3.3148371201751985,1006.9145327754532,1.7415662650602408,11.47005444646098
70274,61.6,-149.1,76.0,3.6027404768429707,1008.7111172873819,1.027340308370044,
70267,64.0,-145.7167,389.0,-0.20993703805091707,1011.9706506562412,0.686837748344371,
70296,60.5,-145.4833,13.0,5.146326754385964,1009.4997425629291,6.274360385144429,180.07650273224044
70273,61.1667,-150.0333,44.0,3.9351765672050365,1008.6213829491808,1.342458253490282,150.60032849712564
70308,57.1667,-170.2167,19.0,3.4773970710140927,1006.8082949308756,1.88521185267239,13.259235255994815
70333,56.95,-158.6333,29.0,4.06206995412844,1007.8865366467442,3.5847961299239803,
70371,57.05,-135.3667,6.0,8.195282501371366,1011.6624817091016,6.232592592592592,0.0
70341,59.6333,-151.5,24.0,5.23268546400219,1008.2144374282433,1.830518234165067,
70389,55.5833,-133.0833,24.0,7.79524899828277,1012.6966728855722,5.422825607064018,
70383,57.5,-134.5833,0.0,6.513884057971015,1012.4343900096062,5.459958649207444,
70398,55.0333,-131.5833,36.0,8.957743457743458,1013.7998092513114,6.6551380715255775,2.66784765279008
70395,55.35,-131.7167,27.0,8.337970132743363,1013.8341078600115,10.410660454919157,0.0
70386,56.8167,-132.9667,0.0,6.563161021984551,1015.3677295918367,6.997764283742754,30.052734375
70381,58.35,-134.5667,6.0,6.296441281138789,1012.7117161716172,5.05439364905557,24.113667488359354
70362,59.4667,-135.3167,13.0,6.481478405315614,1012.6078168620883,2.345525508781712,13.382086167800454
70340,59.75,-154.9167,63.0,3.115331870543061,1008.8391194615815,2.0558896551724137,
70387,56.4833,-132.3667,13.0,7.435796897038081,1012.4715436241611,5.527912186379929,
70350,57.75,-152.4833,22.0,6.2460443471119635,1007.4510144927536,5.218263964950712,2.4477898782831518
70364,70.2167,-150.9833,12.0,-8.656931246506428,1015.1743008536945,0.3225126475548061,
70361,59.5,-139.6667,10.0,5.757746092678914,1010.9080139372822,8.874684239428884,36.050702028081126
70367,58.4167,-135.7,10.0,5.874488365573311,1012.9900031938677,4.649372995042286,69.01645606817515
70343,59.4333,-146.3,27.0,6.845969626168224,1007.7820010314596,5.362499999999999,
72201,24.55,-81.1,1.0,26.357401315789474,1016.7612250554324,2.734437448672324,0.0
70489,53.9,-166.5333,7.0,6.03341053850608,1008.119148199446,3.8221640488656203,
70580,40.8249,-115.7917,1567.0,9.585087719298244,1017.1133756205184,0.6492509935799451,
70414,52.7167,174.1167,30.0,4.734608378870674,1007.1212161269001,3.1490670352453356,
70454,51.8667,-176.6333,6.0,5.453245639119245,1008.477289229528,3.833872239747634,
71903,54.2553,-133.0583,41.0,6.133665622329821,1009.3362665310273,4.368560474032765,
72017,37.1859,-88.7506,117.0,14.70346635595689,1017.7624309392265,4.156082474226804,
72019,46.4167,-86.65,187.0,6.540236523652365,1015.5932726771435,2.7528680418197236,
72203,26.6833,-80.1,6.0,25.11609635915686,1017.2840571742714,4.144401861483712,0.0
72013,41.43,-88.42,178.0,10.892297035189804,1016.4196132596686,3.3509681881051177,
72011,30.7845,-98.6603,336.0,20.042366197183096,1016.6020718232045,2.3173582295988937,
72014,41.02,-89.38,173.0,11.121592821088056,1016.5525552486187,3.401658604008293,
72034,44.6252,-86.2008,193.0,8.825580752212389,1015.7238259668508,2.5617993079584775,
72202,25.7833,-80.3167,4.0,25.739939775526963,1017.0156121610518,4.954037777169449,0.09711620016963528
72016,37.6,-81.55,544.0,13.138841517200824,1019.3813278008298,3.7097577854671284,
72223,30.6833,-88.0667,66.0,20.218779085683003,1017.7195836757054,4.760908842047631,0.0
72204,28.1,-80.65,10.0,23.684600603897888,1017.3340413638905,3.559759102107857,0.0
72212,29.6333,-83.1,13.0,20.866545556176636,1017.790378006873,4.1761442441054095,0.0
72221,30.4833,-86.5167,26.0,20.703305785123966,1018.047193877551,6.814423740510697,
72213,31.25,-82.4,46.0,20.537472345132745,1018.0411602209944,3.363667820069204,
72209,31.8833,-81.5667,14.0,19.625897867564532,1017.6605311355311,5.043153526970955,
72219,33.65,-84.1,313.0,18.179742677251575,1018.2010468319559,3.801094990418833,0.05748699698877635
72220,29.7167,-85.0167,6.0,21.312973883740522,1017.6361536320624,3.1427685950413227,0.0
72216,31.5333,-84.2,60.0,20.225513276758825,1018.5754578754578,3.446478487256783,0.0
72205,28.4167,-81.0,29.0,23.171338625787023,1017.602216680521,3.53914590747331,0.0
72210,27.7,-82.4,12.0,23.000553633217994,1017.1439446366782,3.714344374486723,
72211,27.9667,-82.5333,8.0,23.991897070900627,1017.621020856202,3.8822064056939505,0.0
72222,30.3533,-87.318,9.0,21.051694373401535,1017.5404120970421,5.095291541199014,0.0
72208,32.9,-80.0333,14.0,19.603668217903095,1017.9586962476035,3.926444018614837,0.09307418560087599
72207,32.1167,-81.0333,16.0,20.11349575691213,1018.1412869373102,3.377224199288256,0.008212428141253765
72206,30.5,-81.0333,9.0,20.8469477142075,1017.7723637359626,3.8263892690938954,0.0
72218,33.3667,-81.9667,44.0,18.529427867506158,1017.8598117512835,3.5268546400219,0.0
72214,30.4,-84.0167,25.0,20.92096906652067,1017.7479368595956,4.024527785381878,0.0
72215,33.3667,-84.5667,262.0,17.30348613779852,1018.6498464116169,3.5485620377978635,0.0
72217,32.6833,-83.15,108.0,18.667935377875132,1017.9561685611311,3.329920613194634,0.0
72242,29.2667,-94.8667,2.0,22.80719956200383,1016.8038658328596,3.5833013961127844,0.0
72243,30.0,-95.3667,30.0,21.64574322474678,1016.5237860082306,3.871119627703258,0.01642485628250753
72239,31.05,-93.1833,101.0,19.873218262806233,1017.03210652304,6.1825846579129236,
72235,32.3167,-90.0667,105.0,19.146126471393377,1017.4507953922106,4.341582261155215,0.07995618838992333
72248,32.45,-93.0,79.0,19.889789214344372,1016.7563876651982,3.849767314535998,0.25732274842595126
72228,33.5667,-86.75,196.0,18.38061866958664,1018.5446532191213,4.109476855655985,0.01368738023542294
72233,30.3333,-89.8167,8.0,20.64740484429066,1017.1835986159169,4.396906652066794,0.0
72247,32.3833,-94.7167,111.0,19.305613362541074,1016.4406232294617,3.41522036682179,0.450682261208577
72240,30.2,-93.3833,5.0,20.91771978021978,1017.7934389140271,4.419682452778538,0.024549918166939442
72244,29.6073,-95.1587,10.0,22.297508896797154,1016.2206491712707,3.850752805912948,0.8985849056603774
72241,30.5833,-94.1333,5.0,21.31839583903641,1016.6859122401847,4.961593211059403,0.04051863857374392
72226,32.3,-86.0667,67.0,19.518258965234057,1017.9930232558139,3.814399124007665,0.0
72249,32.8333,-97.3,196.0,20.131695501730107,1015.9067820069205,2.8565562551327677,0.17355598138516287
72234,32.3333,-88.75,91.0,18.855981385162877,1017.7522733535409,4.189378592937311,0.0
72227,33.9167,-84.5167,326.0,17.192031206464197,1018.1589953271027,5.119972356599862,
72230,33.1667,-86.7667,178.0,18.17599233506707,1017.7995155709341,4.115009586414681,0.0
72229,32.9,-87.25,140.0,18.502133580705014,1017.7929499072357,6.760430107526881,
72231,30.0,-90.0833,2.0,22.107664932931833,1017.6621420704844,4.711391018619934,0.0
72232,29.3333,-89.4,0.0,22.34557207498384,1017.5295128939828,4.249899152884227,0.0
72225,32.3333,-84.8333,71.0,18.366958904109588,1018.1486119314826,6.0119926199261995,30.0
72260,32.2167,-98.1833,403.0,18.860831268923754,1017.5421961325966,1.8338364434687158,0.0
72267,33.6667,-101.8167,1000.0,16.78220640569395,1014.1514616657474,1.333561456337257,0.7095537914043252
72254,30.3167,-97.7667,201.0,21.365122018097065,1016.1040315759797,2.507226936764303,0.16698603887215988
72258,32.8471,-96.8518,148.0,20.393183684642757,1016.030709318498,3.091787571858746,0.21653435532439091
72257,31.1333,-97.7,282.0,20.07491319444444,1015.7720872274143,2.474913614374568,0.0
72266,32.4167,-99.6833,546.0,18.9576512455516,1015.1576379262546,1.8907747057213249,0.3834565872363736
72262,31.8333,-104.8167,1663.0,16.554389086595492,1014.7482176957353,0.6454206144128625,0.0
72251,27.7667,-97.0167,13.0,22.891459074733095,1015.4870923161968,2.281111415275116,0.008212428141253765
72256,31.6,-97.05,157.0,19.936555312157722,1016.1284615384615,2.5013961127840125,0.10676156583629894
72264,30.3667,-104.0167,1478.0,15.669774527726995,1016.1515041681769,0.9128719723183392,
72265,31.9333,-102.2,875.0,18.848617574596222,1013.8687344225976,0.9597317273473857,0.3312346016972352
72253,29.5333,-98.4667,247.0,21.47122912674514,1015.0944383259912,2.0126745140980016,0.10676156583629894
72261,29.3667,-100.9167,304.0,23.05664662658651,1014.7582520152736,1.3694612424409014,0.14238253440911247
72255,28.8667,-96.1,35.0,21.747166712291264,1016.1606296851575,2.6724062414453873,0.0
72268,33.3,-104.5333,1118.0,17.489433342458256,1012.7795655901685,0.7895975910210785,1.136052559540104
72252,27.5333,-99.45,155.0,24.033938040747977,1015.0444255800792,1.219704028500959,0.6432584269662921
72250,25.9,-97.4231,7.0,24.262578702436358,1014.9910669975186,2.0381056665754174,0.0
72263,31.35,-100.5,584.0,19.613550506433068,1015.3133856062727,1.5896249657815493,0.16424856282507527
72259,32.9,-97.0333,184.0,20.023925540651522,1015.5121403124143,2.8533807829181494,0.2315625
72291,33.2333,-119.4667,154.0,15.371434049079754,1015.141302652106,0.6020069204152249,
72274,32.1333,-110.95,805.0,22.017250821467687,1012.4643964562568,0.7765124555160142,0.0
72295,33.9333,-118.3833,38.0,17.488831097727896,1015.0523026315789,0.8616479605803449,0.0
72288,34.2,-118.3667,236.0,18.510797478761308,1013.994256381798,0.9109225294278674,0.0
72282,37.6167,-116.25,1756.0,11.448719723183393,1015.9143252595155,3.95194057004245,
72297,33.8167,-118.15,17.0,18.356556255132766,1014.9914444444445,0.8462633451957294,0.0
72270,31.8167,-106.3833,1206.0,20.084122638926907,1012.040459895976,0.5837393922803175,0.07938680536545305
72271,33.2333,-107.2667,1478.0,17.33617606602476,1012.5209437086094,0.5658422643583403,0.0
72273,47.6333,-110.3333,1438.0,18.075610432852386,1014.2209956076135,1.6496038034865292,
72301,35.7411,-81.3895,363.0,15.602655351765671,1016.9858392101551,3.558636736928552,0.0
72293,32.8667,-117.15,146.0,17.779994481236205,1014.8133818589025,0.8634630350194552,
72276,35.65,-109.0667,2054.0,10.344506258692629,1014.5684712482467,1.0656720503695594,
72272,32.6333,-108.15,1659.0,16.8272129350507,1019.9917817679559,0.7885105122890138,0.0
72278,33.4333,-112.05,345.0,24.816671229126747,1011.2589750616607,0.418998083766767,0.0
72286,33.9,-117.25,469.0,17.56670353982301,1014.8257759385161,0.5891483907718599,0.0
72290,32.7333,-117.1833,5.0,18.160607719682456,1015.7763245033113,0.683301396112784,0.0
72292,33.4,-118.4167,488.0,16.77798013245033,1014.8486342229199,0.7999170124481327,0.0
72281,32.8167,-115.65,-13.0,23.90519070834528,1014.0171118530885,0.14829084588644265,
72308,36.9,-76.2,8.0,16.954284150013688,1017.559189339256,3.517109225294279,0.9630459126539753
72311,33.95,-83.3333,246.0,17.488557350123184,1018.3072643413088,3.7140706268820147,0.1935483870967742
72316,31.5361,-82.5066,61.0,19.801697235149195,1017.7723756906076,3.1321653435532437,0.0
72304,35.2667,-75.55,2.0,19.578777589134127,1017.5616298811545,4.58879713735205,0.05835624809043691
72320,34.35,-85.1667,195.0,17.09681406207086,1017.7656397446572,3.8536017529443987,0.0
72312,34.8833,-82.05,296.0,16.650424308787297,1017.9041065482796,3.840377771694498,0.3695592663564194
72309,34.8833,-76.8667,8.0,18.090343878954606,1017.9645555555555,3.965396469599327,
72319,34.4946,-82.7094,238.0,17.339270130900438,1017.9236187845303,3.200745033112583,
72325,35.9513,-85.085,573.0,13.887647219939744,1018.4579066478077,4.281111415275116,0.0
72302,34.2706,-77.9026,10.0,18.482212495025866,1017.7738950276243,4.498439638653162,0.09854913769504517
72314,35.214,-80.9431,228.0,17.273610730906103,1018.2560032894738,3.317465097180399,0.18614837120175198
72315,35.4333,-82.0333,660.0,14.22162606077197,1018.170973062122,3.835067068163154,1.3290446208595674
72323,34.65,-86.7833,192.0,17.386230495483165,1017.8918226872247,3.9623323295921167,0.1998357514371749
72310,33.95,-81.1167,72.0,18.69679715302491,1017.7535625859698,3.436682179030933,0.02737476047084588
72303,35.1667,-79.0333,61.0,17.36989753530878,1018.1539438700147,4.524896551724138,
72306,35.9,-78.7667,133.0,16.79255406515193,1018.0188974218321,3.488393101560361,0.3394470298384889
72317,36.1,-79.95,282.0,15.760087599233506,1017.6463414634146,3.4820969066520666,0.787024363536819
72324,35.0333,-85.2,208.0,17.167068163153573,1018.2813895781638,3.9817410347659457,0.11771147002463729
72307,36.2606,-76.1746,3.0,17.081467287161235,1017.6116022099449,3.4532439091157956,0.23965313362238866
72344,35.3333,-94.0333,143.0,17.346153846153847,1016.8076452599389,3.7855461264713934,0.3941965507801807
72356,36.2,-95.8881,206.0,16.878647686832743,1016.1019289060347,3.019956200383247,0.5639200656994251
72340,34.8333,-92.25,165.0,17.694908782350446,1016.5087399236315,4.010402408978922,0.9115795236791678
72357,35.2167,-97.45,357.0,16.596143497757847,1015.9887430939228,2.5074048442906576,
72349,36.8833,-93.9,437.0,14.680484429065746,1016.9528027681661,3.4282058337919645,1.4638615541228368
72351,33.9833,-98.4928,309.0,18.009205479452056,1015.3878754171301,2.1807281686285243,0.46810840405146453
72353,35.3886,-97.6003,398.0,16.140678894059675,1015.8225682006063,2.6226936764303312,0.7747057213249384
72354,35.4167,-97.3833,394.0,16.46982281284607,1016.3240560292327,3.4247579529737204,
72352,34.65,-99.2667,420.0,16.984335664335664,1015.4103606356969,2.5639446366782006,
72330,36.7667,-90.4667,146.0,15.169513869815983,1017.464424680378,3.8541518224171005,0.0
72326,35.8167,-83.9833,299.0,15.904653709280042,1017.8208011049724,3.784341637010676,0.6131946345469477
72355,34.6,-98.4,362.0,17.091986262163708,1015.5231924882629,3.0047750865051905,
72327,36.1167,-86.6833,183.0,16.739036408431428,1018.0609997253504,3.633351588170865,0.7747057213249384
72332,34.2667,-88.1,105.0,17.930659731727346,1017.75770962296,4.268820147823707,0.11668036154478226
72345,36.2615,-93.1547,416.0,14.982370654256775,1017.1433701657459,3.345688475225842,1.312325488631831
72342,35.25,-93.1,123.0,16.564370024704914,1016.6923205808434,2.742409288824383,
72328,36.6219,-87.415,168.0,15.542112482853224,1017.5809392265193,3.6798574952041654,0.0
72335,36.4752,-82.4074,463.0,14.305912948261703,1017.9745856353593,3.1673966602792225,1.3205584451136052
72348,36.7333,-91.85,307.0,14.71515570934256,1017.299723183391,4.301343342552351,0.9078179696616102
72334,35.0333,-89.9833,102.0,17.865535176567207,1017.4825144111995,4.072734738571038,0.4133588831097728
72360,36.45,-103.15,1513.0,12.84664291586736,1014.476748686757,1.1688748973446481,2.0550232685464
72389,36.7833,-119.7167,101.0,19.11456337257049,1015.3443072702332,0.7349849438817411,0.0
72376,35.2333,-111.8167,2192.0,13.336105218498089,1015.7764955451844,1.599680170575693,
72384,35.4333,-119.05,155.0,19.775356359649123,1015.0177600878396,0.44095264166438536,0.0
72364,31.8667,-106.7,1252.0,18.713591852722285,1017.2111187845302,0.7879584775086507,
72387,36.6333,-116.0333,1010.0,18.75877192982456,1012.7787116255662,0.32648752399232245,0.5027777777777778
72386,36.1167,-115.2667,663.0,21.89000821242814,1012.5744249726177,0.24473035860936218,0.0
72363,35.2167,-101.7167,1099.0,15.013112510265538,1014.351901874311,1.3959211606898438,1.1196277032575965
72362,34.0167,-106.9,1478.0,15.67428335170893,1018.8419889502762,0.9004152249134948,
72371,36.9333,-111.45,1314.0,16.594220761435224,1013.5439231824416,0.39490550534100244,0.0
72370,35.25,-113.9333,1050.0,17.819851933095695,1011.5264485722208,0.5708185053380783,0.0
72383,34.75,-118.7167,1379.0,14.923417312661499,1015.330372281607,0.8827349958892848,0.0
72382,34.6333,-118.0833,775.0,17.61458733205374,1014.8828925619835,0.3880065717415115,0.0
72385,36.95,-116.05,1197.0,15.90948096885813,1014.4262283737023,1.0572799561283246,
72374,35.0333,-110.7167,1505.0,14.167725157404872,1015.1715264456017,0.46821790309334793,0.0
72380,34.7663,-114.6233,300.0,24.898728579325596,1010.5163010274924,0.1883400344629523,
72381,34.9167,-117.9,702.0,17.351100585121202,1014.1577436771809,0.4400692041522492,
72365,35.0333,-106.6,1631.0,14.911661647960582,1014.7097969264545,0.5346016972351492,0.3996715028743498
72403,38.9333,-77.45,95.0,14.154804270462632,1017.64766122336,2.903367095537914,3.0851355050643305
72399,40.1932,-76.7626,95.0,13.158061866958663,1017.2785126234907,3.1273747604708455,4.644401861483712
72410,37.3167,-79.2,286.0,14.498111141527511,1017.9259423503325,3.2204489460717216,1.5439364905557076
72401,37.5167,-77.3167,51.0,15.704270462633453,1018.1798245614035,3.3935943060498217,0.9827539009033671
72408,39.8667,-75.2333,6.0,14.3952094169176,1017.4097466960352,3.1346290719956205,2.1064878182315905
72394,34.9,-120.4667,79.0,14.323213796879276,1016.511855670103,0.8493019436079934,0.0
72391,34.1167,-119.1167,4.0,16.07652944539737,1015.4949985871716,0.5660994327660994,
72406,39.1667,-76.6833,45.0,14.438625787024364,1017.3254520547945,3.232575964960306,2.220093074185601
72404,38.3,-76.0667,12.0,15.72366220735786,1017.6269567674484,3.048524137931034,
72412,37.8,-81.1167,763.0,12.100739118532713,1018.3182460270749,3.205228579249931,6.577217962760131
72411,37.3167,-79.9667,358.0,14.99553791404325,1018.5003563596491,3.2460443471119627,1.9819326580892418
72407,39.4667,-74.0833,23.0,13.758027397260275,1017.253351800554,3.49871338625787,1.704078839310156
72402,37.9333,-75.4667,12.0,15.056380065717416,1017.496049723757,3.1188338352039415,1.136052559540104
72413,37.4833,-82.5167,209.0,14.824775086505193,1017.9098961937717,4.224205043859649,
72392,34.4262,-119.8415,4.0,15.629478021978024,1014.9667039106145,1.0625239529154118,0.0
72393,34.7167,-120.5667,112.0,13.246026772999146,1016.7203537170265,1.410726643598616,
72409,40.0333,-74.3167,31.0,13.208674188998591,1017.0304466019415,3.3092669432918402,
72405,38.85,-77.0333,5.0,15.642403503969339,1017.845358532518,3.055570763755817,1.5475536008796043
72398,38.3402,-75.5095,16.0,14.660739726027396,1017.7130047340573,3.3333698330139607,0.4793225679401339
72419,32.3348,-90.2225,104.0,14.341418012592388,1017.2426925238898,3.8182315904735833,2.499315630988229
72422,38.0333,-84.6,299.0,14.186203120722693,1017.8114508060033,3.637366548042704,2.247467834656447
72436,39.2619,-85.8963,200.0,12.666943291839559,1017.5408022130014,3.052941176470588,
72428,40.0,-82.05,248.0,12.713003011223654,1017.4301054384018,3.0640843142622503,3.2302217355598137
72418,39.6787,-75.6066,24.0,14.613254786450662,1017.2441988950276,3.2595401040240892,2.033944702983849
72429,39.9,-84.2167,308.0,12.577963317820968,1017.6894030668127,2.886285245004106,3.717766219545579
72425,38.3667,-82.55,252.0,14.074048727073638,1017.7162216480046,3.290418833835204,2.0768175582990396
72423,38.1833,-85.7333,151.0,15.589761839583902,1017.5909465020576,3.523104297837394,1.4371749247194088
72416,38.98,-79.13,293.0,12.83853104051297,1017.8006906077347,2.6687629578438146,
72417,38.8833,-79.85,606.0,11.28020804817958,1019.0543465405085,3.4697782644401856,7.832968236582694
72434,38.75,-90.0333,184.0,15.07054475773337,1017.1034809245335,3.2094716671229127,1.8176840952641664
72421,39.05,-84.6667,273.0,13.422912674514096,1017.2797691039032,3.3350123186422116,2.970161511086778
72432,38.0333,-87.5333,127.0,14.587626608267179,1017.8053141433712,3.5323005209761447,1.1126335982460949
72420,40.8214,-82.5166,395.0,11.249219819326582,1017.4385722510074,2.959895975910211,7.052285792499315
72427,36.0231,-84.2331,263.0,15.268096885813149,1018.081384083045,3.1114844395483336,0.0
72426,39.4167,-83.8167,317.0,12.309055982436881,1018.2085493656922,3.111971444261395,3.01765447667087
72433,38.6333,-88.95,175.0,14.247198454319625,1017.3906077348065,3.50940756993966,2.0272931907709624
72414,38.3667,-81.6,299.0,13.789214344374487,1017.7038082191782,3.2904462085956747,2.403503969340268
72435,37.05,-88.7667,125.0,15.411771147002463,1017.3556695314667,3.868409526416644,1.667579408543264
72424,37.9,-85.9667,230.0,13.868995510662177,1017.8983392645315,4.570836212854181,
72446,39.2972,-94.7306,313.0,13.415083493019436,1016.3288419319429,2.9018067341910756,2.3898165891048455
72447,38.8309,-94.8903,331.0,13.523319615912209,1016.7188832772165,2.7999725651577507,0.0
72462,37.4333,-105.8667,2297.0,6.556106243154436,1017.5176211453745,0.5605803449219819,6.09416917601971
72442,38.1274,-91.7695,350.0,13.559392113910187,1017.1104498463259,2.899479452054794,0.0
72440,37.2333,-93.05,386.0,14.4644128113879,1016.7008098296565,3.262523952915412,1.2526690391459074
72456,39.0667,-95.1333,269.0,13.926088146728716,1016.3305725403003,2.6157678620312073,2.0722693676430333
72455,39.05,-96.75,324.0,13.83691836166063,1016.0866946359005,2.610096818810512,
72449,39.7667,-94.0833,252.0,12.696073585941791,1016.5590232949761,2.3598020346439372,0.0
72443,39.9429,-91.1946,234.0,12.529263618943334,1016.5101519337016,2.4341737462318442,0.0
72445,38.8167,-92.2167,271.0,13.84500410621407,1016.9255641166758,2.937797863599014,2.4938406788940597
72439,39.8442,-89.6781,182.0,12.816233232959211,1017.2448266060261,2.8982480153298655,4.327949630440734
72450,37.65,-97.1,406.0,14.788091979195183,1015.870407040704,2.422365179304681,1.242814125376403
72438,39.7167,-86.1167,243.0,12.703230221735557,1017.249192444566,3.063016698603887,3.0194360799343007
72452,37.2833,-98.55,469.0,14.721632088520055,1015.6955771905423,2.0425596053713346,0.586453744493392
72451,37.7667,-99.1333,791.0,13.400711743772243,1015.3321487603306,1.6498494388174103,2.0421571311251028
72437,39.4515,-87.3076,180.0,12.85994520547945,1017.5455180117285,3.925513276758828,
72464,38.2833,-104.5,1440.0,12.360799343005748,1014.1226206896552,0.8603613468382151,2.8059129482617027
72463,38.05,-103.5097,1289.0,12.908094713656387,1013.7614722222222,0.7026658767772511,
72458,39.55,-97.65,453.0,13.199069258143991,1015.8663273727647,1.9923877327491786,3.740377358490566
72488,39.4833,-119.7667,1345.0,13.119874076101832,1015.8292602739725,0.617766219545579,2.272105119080208
72481,37.3667,-120.5667,57.0,17.59951845906902,1015.4953697304769,1.2730103806228374,
72468,38.7,-104.7667,1789.0,10.830105731775179,1016.6107458143075,2.2059515570934254,
72479,39.3806,-112.5077,1451.0,11.446552706552707,1018.425,0.5232047872340425,1.2553048164365106
72483,38.5,-121.5,6.0,16.43865316178483,1015.302969187675,1.226471393375308,0.0
72485,38.0602,-117.0868,1655.0,12.150303867403315,1015.4525776053216,0.2397240164415737,
72470,39.6167,-110.75,1814.0,10.317404454220512,1016.743614658523,0.5865427302996671,
72475,38.4266,-113.0125,1536.0,11.29606365159129,1016.1597869507324,1.6870215311004786,11.63249348392702
72477,39.6042,-116.0051,1816.0,8.577978635990139,1017.2035986159169,0.683657267998905,0.0
72487,37.6,-114.5167,1333.0,14.625287846481877,1013.9456716417911,,
72492,37.9,-121.2333,9.0,17.230575342465755,1015.3997807017545,0.9546002190580504,0.0
72476,39.1333,-108.5333,1481.0,12.453846153846154,1014.946332046332,0.5922529427867507,2.5759649603065973
72486,39.3,-114.85,1907.0,8.167452700850014,1015.809564735237,0.7099644128113879,30.79709748083242
72482,38.36,-121.94,34.0,17.257530120481928,1015.527037444934,1.126933254925022,
72465,39.3667,-101.7,1114.0,11.934132086499124,1014.5949012109623,1.2816041609635915,5.6657534246575345
72466,38.8167,-104.7167,1885.0,10.887462359704353,1015.3327486982736,1.146892964686559,4.956200383246647
72469,39.7833,-104.8667,1626.0,10.943360203648705,1014.8476877386508,1.0153888430887605,9.063984795692113
72480,37.3667,-118.3667,1256.0,14.915466739666027,1013.9444505645827,0.4193919474116681,0.47228320526893525
72493,37.7167,-122.2333,2.0,14.778483438269916,1016.6851963746223,1.1921074266922445,0.0
72514,41.25,-76.9167,161.0,11.523708791208792,1017.0182981090101,3.15146454968519,8.070079386805366
72508,41.9333,-72.6833,53.0,11.450314809745414,1016.5476821192052,3.3803722967424035,20.61874559548978
72515,42.2,-75.15,499.0,8.731070353134411,1016.9083404014701,3.2071721872433616,28.757459622228307
72509,42.3667,-71.0167,6.0,11.755242266630168,1016.2121062722542,3.0009854913769503,0.0
72507,41.7333,-71.4333,17.0,11.68573774979469,1016.7176137970032,3.4950177935943056,8.985217629345744
72494,37.6167,-122.3667,3.0,14.700164248562826,1016.4751096491228,1.2828633999452503,0.0
72505,40.7953,-73.1002,30.0,12.51357788119354,1016.3768646408842,3.188858472488366,8.899534629071995
72495,37.7,-123.0,12.0,16.48204987667854,1016.9210380622836,1.0115890410958905,0.0
72510,42.2673,-71.8757,308.0,9.874589266155532,1015.9546270718232,3.5455516014234876,1.0851063829787233
72516,46.4944,-99.7601,604.0,6.679584775086505,1015.9080968858129,3.3679646506489918,
72512,40.8844,-78.0873,594.0,10.371943972835313,1016.3811969439729,3.628481359649123,
72498,42.57,-77.72,201.0,10.656647398843932,1017.676986754967,1.9654273801250868,
72513,41.3333,-75.0667,293.0,11.37024363536819,1016.8167674546455,3.047560307017543,0.0
72504,41.1667,-73.1333,3.0,12.478606692265496,1016.8249433106575,3.15047905830824,9.387671232876713
72511,40.2171,-76.8515,106.0,13.67907869481766,1017.5304383788255,2.7417398463227225,
72503,40.7833,-73.05,7.0,14.112537640295647,1016.7611004126546,3.271940870517383,5.179304681084041
72506,41.65,-70.5167,40.0,11.57165473049378,1016.1140290255702,3.184982698961938,
72497,39.7954,-121.8584,73.0,18.0536036036036,1015.4550794747754,2.59295311214697,
72502,40.6833,-74.0,5.0,13.988420476320831,1016.8918406593407,3.3575691212701892,5.8171366000547495
72517,40.65,-75.45,120.0,12.266967953985208,1017.3100485298316,3.3691486449493566,8.32329592116069
72530,41.9833,-87.9167,204.0,11.308458800985493,1016.5180436584691,2.6979468929646866,10.64467560908842
72528,42.9333,-78.7333,221.0,10.32111750205423,1016.4156828193834,2.8635641938133043,25.190254585272378
72536,41.5833,-83.8,208.0,11.422830550232685,1017.0158058142816,2.598521762934575,7.946020380060589
72531,40.3,-88.15,0.0,11.65211188811189,1016.7554900515845,3.1136507936507933,
72523,42.5667,-77.7167,202.0,10.45833910034602,1016.6672664359861,1.9911141678129298,
72521,40.9167,-81.45,374.0,11.659348480700794,1017.3009327846366,2.9174924719408706,8.06734191075828
72524,41.4,-81.85,241.0,11.91100465370928,1017.9372815533981,2.975006843690118,8.220640569395018
72519,43.1167,-76.1,125.0,10.204325212154393,1016.2321212121211,2.959786476868327,31.489186969614018
72520,40.4833,-80.0667,367.0,11.936381056665754,1017.9686882546652,2.968957021626061,6.950177935943061
72529,43.1167,-77.6833,170.0,10.287818231590473,1016.7045171339565,2.4501779359430604,23.4984943881741
72537,42.2333,-83.0,195.0,11.08023542294005,1016.7141116100063,2.456118258965234,13.28223378045442
72518,42.75,-73.1333,87.0,10.47215986860115,1016.8621367284804,2.8753012048192765,14.965781549411442
72535,41.7,-86.3167,244.0,10.791842321379688,1017.1944786995517,2.8865863673692855,14.3851628798248
72525,41.25,-80.6667,365.0,10.933068710648781,1017.2722130242826,3.0950725431152475,12.403503969340269
72526,42.0833,-80.1833,223.0,11.203558718861212,1016.9976512037581,3.0235696687653983,16.450727422454023
72522,43.3412,-73.6103,100.0,8.791762767710049,1016.870882852292,2.6051563357103675,0.0
72534,41.7833,-87.75,189.0,12.002875136911282,1016.6838267543859,2.9852723788666853,9.974506578947368
72532,40.6667,-89.6839,201.0,12.164358061866961,1017.0700358028091,2.793293183684643,7.9397590361445785
72533,41.0,-85.0333,248.0,11.230931506849316,1016.8950268336314,2.776868327402135,5.666575417465097
72538,47.4667,-87.8833,191.0,6.421404867256637,1015.2862565807703,2.8737202299479883,
72548,42.55,-92.0667,266.0,9.819052833287708,1016.371876719868,2.5397481522036682,20.243635368190528
72545,41.8851,-91.7123,265.0,9.848453326033397,1016.5350259665319,2.3243347050754455,0.0
72550,41.3,-95.9,300.0,11.794689296468656,1016.311,2.182589652340542,7.819600328497126
72557,42.3833,-96.05,335.0,10.133479452054795,1016.3641466854725,1.9968519025458527,17.22036682179031
72547,42.4,-90.0333,328.0,9.323925540651521,1016.7901306644426,2.7573227484259513,20.70517382972899
72549,42.55,-94.1833,354.0,9.496885336273428,1018.8662234042553,1.8253559944878273,
72540,40.25,-93.7167,271.0,12.49128027681661,1016.4974394463668,2.8823838495575225,5.596581196581196
72542,40.7832,-91.1255,213.0,11.61294826170271,1016.7574881911643,2.506927710843373,0.0
72552,40.9667,-98.15,563.0,11.242649876813578,1016.8554253835426,1.8213796879277306,8.43142622502053
72546,41.5333,-93.6531,292.0,11.46504243087873,1016.4482872019731,2.4774158226115524,13.594306049822064
72561,41.1,-102.9833,1315.0,9.261109554497056,1015.6482993197279,0.8624690679131152,0.0
72551,40.8333,-96.7647,372.0,11.981275663837941,1016.5164421226285,2.0963865316178483,7.711938663745893
72539,42.7833,-84.5833,262.0,10.121133315083494,1016.9879111610908,2.5173651054505615,14.882142857142858
72543,42.2,-89.1,224.0,10.51880646044347,1017.2199287280703,2.6799343005748697,14.572953736654805
72554,41.1167,-95.9,319.0,11.660658436213991,1016.8667429879795,3.285714285714286,
72544,41.45,-90.0167,180.0,11.55792499315631,1016.6566251415629,2.629592116068985,11.267725157404874
72555,37.3874,-83.2616,383.0,14.1040830449827,1017.8967474048442,2.749794351521799,
72556,41.9833,-97.4333,479.0,10.454470652770159,1016.0240628445424,1.813495756912127,10.848617574596222
72569,42.9,-106.4667,1630.0,7.861647960580345,1015.2753337041157,0.8980016424856283,17.002463728442375
72572,40.7833,-111.9667,1288.0,13.182069531891598,1015.2343312276847,1.0425951272926361,6.1448521358159915
72570,40.5,-107.5167,1888.0,6.3237585733882025,1018.9888827280288,0.9201204489460717,0.0
72562,41.1167,-100.6667,847.0,10.268765398302765,1016.0482265603521,1.5290172460990967,8.757185874623596
72584,40.3757,-120.5727,1265.0,10.889050563841398,1018.1614640883978,1.6287889273356402,
72566,41.8667,-103.6,1209.0,9.968683274021352,1015.4852106857614,1.1064056939501778,10.499862675089261
72577,43.6073,-110.7378,1966.0,3.2014055023923444,1020.3692007797271,0.9590523144344015,
72564,41.15,-104.8,1878.0,8.828989871338626,1014.7552019922524,1.0131946345469476,8.557350123186422
72565,39.8667,-104.6667,1655.0,11.038116100766702,1013.6655828051805,0.9207500684369012,7.194087051738297
72574,41.6,-109.05,2060.0,6.801233214579336,1017.2903394976538,1.7841730558598028,
72568,42.8,-105.3833,1502.0,8.035548729405194,1015.6431112365896,0.5993132766514062,
72567,42.8667,-100.55,789.0,9.873227484259512,1016.1587692307693,1.622036682179031,15.542841500136873
72583,40.9,-117.8,1312.0,11.078064162325198,1016.4135678391959,0.6485080755543389,4.060531361270884
72576,42.8167,-108.7333,1703.0,7.47775,1015.4496621621622,1.0194908294552423,41.1821540210287
72575,41.2,-112.0167,1362.0,12.115399396102115,1015.2575986565911,1.0533223503569467,
72580,40.0664,-118.5652,1191.0,11.847105843439913,1016.6598887343532,0.7219879518072289,
72581,40.7333,-114.0333,1291.0,12.059271523178806,1017.0683175528042,0.4238256453660601,
72578,42.9167,-112.6,1356.0,8.973638105666575,1017.3347318699639,0.8888858472488366,12.203668217903093
72586,42.9172,-114.7652,1138.0,10.11026878015162,1018.2089335180056,0.8453157529493407,
72585,37.6589,-122.1218,16.0,15.209761447765286,1016.9159530386739,1.055183763027976,0.0
72612,44.9333,-72.2,233.0,7.203737024221453,1015.7297577854671,3.038149445417396,72.62460007109847
72616,44.5833,-71.0167,353.0,6.466044468844359,1016.4090721649485,2.428787047200878,0.0
72591,40.15,-122.25,106.0,18.141369863013697,1015.1531241398293,1.3953947368421051,0.10487200660611065
72628,46.34,-87.38,372.0,5.916276097145293,1014.8328038674034,2.4260207612456743,
72593,36.6628,-121.6064,26.0,14.452231042978374,1017.2133977900553,0.76181220914317,0.0
72614,44.4167,-72.0167,212.0,7.516748903508772,1015.7018452217021,2.968491650698056,50.645223104297834
72592,40.5,-122.2833,153.0,18.33873528606625,1014.6618181818181,2.156337257049001,0.09110988404196577
72594,40.8,-124.1667,13.0,11.383599088838269,1018.3297790994052,2.8066794415548864,0.0
72613,44.2667,-71.3,1909.0,-1.0850704225352112,1016.5915771622385,6.2405420202573225,132.09170544757734
72606,43.65,-70.1333,23.0,9.183794141801258,1015.9655592469545,3.2766219545578976,29.73172734738571
72597,42.3833,-122.8833,406.0,13.641883383520396,1017.0107004964149,1.1975636463180948,0.1615110867779907
72607,44.8074,-68.8281,59.0,8.076977826444018,1015.496513558384,2.978921434437449,58.76337448559671
72622,44.38,-74.19,507.0,5.63703805846663,1016.3998394863563,2.274319352465048,
72617,44.4667,-73.15,102.0,9.498631261976458,1016.0328386919483,2.6286887489734467,30.118806460443473
72619,45.463,-69.5516,427.0,5.72065546681355,1014.7998622209976,3.6296460176991148,
72605,43.1833,-71.5,105.0,9.223616845582164,1016.3645551396487,2.9641938133041332,49.48698986579019
72611,43.6261,-72.3042,184.0,8.80241559154543,1016.1407038123167,2.024013157894737,
72634,44.9167,-84.7167,446.0,7.562975778546713,1015.9444290657441,2.719353955652888,73.47918948521358
72635,42.8833,-85.5167,242.0,10.167259786476869,1016.6644505494504,2.7940596769778265,17.64303312346017
72644,43.9,-92.5,401.0,7.7511634273200105,1016.5888949972513,2.5567205036955927,32.35313441007391
72643,43.8833,-91.25,199.0,9.893203617429434,1016.2762447844228,2.5707090062961946,25.242266630166988
72651,43.5833,-96.75,436.0,9.331453599781003,1016.207046887853,1.9973993977552695,22.20093074185601
72645,44.4833,-88.1333,212.0,8.64013139885026,1016.3451050884955,2.4025732274842593,25.562551327675884
72638,44.35,-84.6667,351.0,7.719441401971522,1016.6810442678774,2.154092526690391,42.68921139101862
72640,42.955,-87.9044,211.0,10.319874076101835,1016.4943006607929,2.5057213249384067,15.192992061319464
72655,45.5466,-94.0599,314.0,7.181084040514645,1016.9054783092325,2.176348206953189,37.091157952367915
72637,42.9667,-83.0833,238.0,10.20744593484807,1016.3699851961511,2.3139611278401313,16.583629893238435
72650,43.1667,-95.15,408.0,9.521245674740484,1016.1851903114188,2.426580892417191,28.066009312517117
72636,43.1667,-86.2333,191.0,10.516753353408157,1016.5983777838877,2.580810292909937,24.07610183410895
72654,44.3833,-98.2333,393.0,8.363753424657533,1015.9307502061006,1.5593484807007936,21.964139063783193
72639,45.0833,-83.5667,210.0,7.8097454147276215,1016.2278891023881,2.2164522310429784,39.18313714754996
72642,43.78,-87.85,228.0,8.5842278203724,1016.4463489409142,1.781136438718203,
72648,45.75,-87.0333,180.0,6.543234966592427,1016.8751519243755,1.9977437325905294,36.759864712514094
72653,43.7667,-99.3167,517.0,9.258554817275748,1015.6217993079584,1.555592322964924,0.0
72646,44.9263,-89.627,366.0,7.573410404624278,1016.2751659292036,2.666438543662743,53.27205479452055
72641,43.1333,-89.0167,263.0,9.350369559266355,1016.4562102351315,2.7678894059676975,20.432521215439365
72656,43.3833,-99.8333,619.0,8.832119386637459,1015.5188235294119,1.3612373391732824,22.276286966046
72688,46.1667,-119.3833,455.0,11.852121543936489,1016.0821398718306,0.8833835203941965,4.6482343279496305
72691,43.4169,-124.247,5.0,11.537520844913841,1018.8186134137152,3.9848119575699132,
72683,43.6,-118.95,1263.0,8.166374349136749,1017.6947266167083,0.7522584177388448,0.0
72658,44.8667,-93.05,256.0,9.11226389269094,1016.1363485934914,2.3013687380235424,30.188885847248837
72662,44.05,-103.05,976.0,8.602326854640022,1016.0100526170036,1.2690854326396495,10.02155172413793
72665,44.3333,-105.55,1330.0,8.430860452289023,1015.0311192764274,0.9943194291986828,0.0
72692,44.2539,-121.15,937.0,10.165589926088147,1017.2296885813148,0.517606790799562,3.592436974789916
72686,45.1238,-113.8813,1232.0,6.720763723150358,1011.1815962805115,0.8341784495368112,
72694,44.9,-123.0,64.0,12.651916757940855,1017.4076140736669,2.750862304954832,0.0
72666,44.7667,-106.9667,1226.0,8.023378045442103,1016.0081118881119,1.1090884204763207,0.0
72670,44.5167,-109.0167,1551.0,8.126333150082463,1016.6382620410913,1.1842217484008528,
72681,43.5667,-116.2333,871.0,12.226663016698604,1016.311270322403,0.8922255680262797,5.068984396386532
72677,45.8167,-108.55,1112.0,9.278018067341913,1015.7339550191991,1.0569121270188886,18.206953189159595
72659,45.45,-98.4167,397.0,7.537831918970709,1016.0408839779005,1.4363810566657542,31.238707911305777
72693,44.1333,-123.2167,111.0,12.159682278827718,1017.9638268541494,2.4577607445934846,0.9940334128878282
72669,41.8056,-107.1999,2078.0,7.106330501507262,1015.7458136300417,0.5859216652971788,0.0
72671,42.5833,-110.1,2131.0,3.1656524122807017,1017.8082454192116,0.4341730558598028,0.0
72690,43.23,-123.35,160.0,13.410090485330409,1017.7802503477052,1.5617333333333332,
72672,43.0667,-108.45,1684.0,7.191517979687071,1015.8557472863903,0.5135556915544676,
72744,47.1667,-88.4833,334.0,6.088532235939643,1015.3400173862648,1.9936371214226174,
72763,46.7973,-102.8019,790.0,6.3967424035039695,1015.3659994516041,0.9740525587828492,0.0
72770,45.2554,-112.5525,1599.0,5.986062431544359,1016.5792817679559,0.48633999452504795,9.745283018867925
72755,47.5,-94.9333,423.0,4.807893289328933,1014.7442679558012,2.0064690026954177,49.822328114363515
72768,48.2167,-106.6167,699.0,7.201205479452055,1015.7735066371681,0.8640021899808377,19.277458230621747
72734,46.4833,-84.35,218.0,6.629637760702525,1015.450316542802,2.6424308787298108,165.288256227758
72764,46.7833,-100.75,511.0,7.075828086504243,1016.2829605081469,1.2475225841773885,37.779299014238774
72743,46.5333,-87.55,434.0,6.014532871972318,1015.6696885813149,2.3108093278463646,59.33660855784469
72712,46.8667,-68.0167,191.0,5.792739726027397,1014.6526097763048,2.786641116890227,144.79770052012046
72747,48.5667,-93.4,361.0,4.347111962770326,1015.784666298952,1.8253012048192772,100.85464632454924
72711,46.61,-69.52,314.0,4.59047842401501,1014.9663667820068,2.96876731301939,
72741,45.9333,-90.45,462.0,6.477024221453287,1015.9789619377163,2.2138,65.49254195152268
72751,39.4961,-121.6317,53.0,17.81460207612457,1015.0191695501729,1.3801320858558062,
72703,46.12,-67.8,150.0,6.087102085620198,1014.7775198187996,2.1223991867163674,
72769,48.6084,-112.3761,1176.0,5.995318915959486,1015.441223880597,0.6761018341089516,14.609850581073603
72753,46.9333,-96.8167,274.0,6.760279222556804,1015.8580263881254,1.5075280591294826,47.28907747057213
72745,46.8333,-92.2167,435.0,5.527046263345196,1016.1202191780822,2.1512455516014235,99.34218450588557
72767,48.1833,-103.65,604.0,6.67301779935275,1016.1215879828326,1.0650894632206758,0.0
72713,46.6833,-68.05,163.0,5.540856579318118,1017.9776555625392,3.371773636991028,
72698,45.5833,-122.6,8.0,13.079113057760745,1017.6770370370369,2.553654530522858,1.0199835751437174
72783,46.3667,-117.0167,438.0,12.608185053380781,1016.5394106306803,0.8997536271557625,3.674698795180723
72793,47.45,-122.3167,131.0,11.99293731179852,1017.9403017832649,2.7942755409476856,0.7664932931836846
72785,47.6167,-117.5333,723.0,9.955516014234876,1016.2975722543353,1.1219819326580893,17.092004381161008
72772,46.6,-111.9667,1180.0,8.102299479879552,1018.3464980544748,0.7837120175198469,18.923877327491784
72773,46.9167,-114.1,976.0,7.874514098001642,1017.8619837032874,0.9202299479879552,24.005748699698877
72787,47.9689,-117.4211,654.0,8.555214050493962,1016.2111418685122,1.4714050493962678,0.0
72779,48.3,-114.2667,906.0,6.972269367643033,1017.1370967741935,1.1076923076923078,40.38571037503422
72774,45.9548,-112.4975,1692.0,4.964002189980838,1017.371132596685,0.7954557897618395,12.722222222222221
72797,47.9333,-124.5667,59.0,10.168346111719606,1016.9244176013806,7.260881467287161,0.0
72777,48.55,-109.7667,789.0,6.83586301369863,1015.785702341137,0.8004106214070625,28.972351491924446
72791,46.15,-123.8833,3.0,11.204051464549686,1017.330467032967,4.947549958937858,0.0
72790,47.3081,-119.5169,389.0,11.632447973713035,1015.6098066298342,0.5076417419884963,0.0
72775,47.4667,-111.3833,1120.0,7.620120448946072,1016.3070935688655,1.0341089515466741,17.819600328497124
72792,46.9667,-122.9,63.0,10.827456884752257,1017.4507932090175,3.5734738571037497,0.0
72782,47.4,-120.2,379.0,11.164334705075445,1016.2234482758621,0.49404872032069075,
72781,46.5667,-120.5333,334.0,11.587215986860116,1016.6110559691205,0.5353955652888037,12.17592083562397
72776,47.4667,-111.3833,1131.0,8.393148788927336,1015.5858823529412,0.9848442906574395,
74370,44.05,-75.7333,207.0,8.494260485651214,1015.8178896300788,4.262309820193638,
74331,34.05,-94.4,107.0,17.44430101620434,1016.4032527345998,1.9501949317738794,
74410,42.42,-73.28,364.0,8.828645976380116,1015.4477430074771,2.725598404255319,
74251,33.94,-96.39,213.0,18.194898550724638,1017.122859116022,2.940605643496215,
74420,40.3,-109.9833,1553.0,9.477716262975777,1017.0911418685121,0.49133186571271326,6.997273553468646
74002,39.5,-76.5667,5.0,13.285720720720722,1017.5209537572255,3.081937716262976,
74394,42.78,-71.52,61.0,10.326356589147288,1018.3012489108336,4.045051903114186,
74003,40.1667,-112.9333,1326.0,12.581805651274983,1016.0573997233748,0.7303114186851213,
72908,64.7272,-155.4699,201.0,-1.8994271164863143,1011.2405335904854,1.7280580511402903,
72798,48.51,-123.02,33.0,10.604946413849957,1017.092256452956,1.1374823196605375,
74389,43.9,-70.25,125.0,9.0480276816609,1015.3122491349483,3.341703176341731,59.802043070127
74206,47.15,-122.4833,98.0,11.069368624207334,1017.7438943894389,3.627586206896552,
74455,41.6167,-90.5833,229.0,10.711263736263737,1017.041581632653,1.7737924587098786,
74230,46.4333,-105.8833,801.0,8.251570247933884,1015.629123783032,0.8243909115795237,0.0
74001,34.6,-86.6333,209.0,16.788645533141214,1017.9357607685157,4.823825966850828,
74207,47.1167,-122.55,92.0,11.699557913351017,1016.7375690607735,3.173840830449827,
74000,41.2,-74.62,128.0,11.01954845814978,1017.1737379466819,2.2078267779102103,
74201,48.1333,-123.4,5.0,9.675177544808928,1016.9004143646407,3.4207612456747403,
74467,40.15,-89.33,178.0,12.47856551724138,1017.046685082873,3.6473029045643153,
74493,41.2531,-70.0603,14.0,11.608067299396032,1016.0852209944751,2.9907958477508654,
74516,38.2667,-121.95,19.0,15.835850096445302,1015.7897976631518,3.1142186452045606,
74531,38.9667,-104.8167,2003.0,9.075020908837468,1015.3177744807123,1.5704498269896192,
74492,42.2167,-71.1167,195.0,10.143321799307959,1015.8532179930795,3.67831918970709,25.71881898454746
74498,42.5,-79.28,211.0,10.701539307311709,1016.9304029304029,2.0166980776479457,
74500,39.0,-121.3333,0.0,17.029112857944973,1015.2778205507847,2.5706487341772153,
74491,42.2,-72.5333,75.0,10.371140568903618,1016.7062592264541,4.290331491712708,
74505,36.6333,-121.9333,6.0,13.590588235294119,1017.0706574394462,1.1248149163696188,
74543,37.7,-98.75,595.0,13.836017897091722,1016.3812845303868,2.2421561852107814,
74550,37.5167,-92.7,390.0,13.928461757179413,1017.2035093072934,5.548583275742915,
74480,43.1333,-75.6,0.0,9.810610653962755,1016.3862629246678,4.183174603174603,
74545,38.65,-97.8,0.0,14.194947542794036,1016.0770973154363,1.3747285886610374,
74509,37.4333,-122.05,10.0,15.430927508705288,1016.7547641362074,1.0923845193508115,0.0
74532,39.1833,-103.7,0.0,21.125079365079365,1014.8561904761904,0.9826301369863012,0.0
74494,41.6667,-69.9667,14.0,10.656635672020288,1015.9032967032967,3.0810955641559987,7.658579620644023
74490,42.4667,-71.3,41.0,10.757245179063363,1017.2703358735536,2.9094545454545453,
74486,40.6333,-73.7667,4.0,13.227621133315084,1017.1980263157895,3.066246920339447,5.428415001368738
74521,37.2,-107.8167,0.0,8.85063048245614,1017.8644115180318,0.6242491305722416,
74695,35.6667,-75.9,3.0,17.081639528354856,1017.6651903114187,3.4145328719723183,
74570,39.8333,-84.05,251.0,12.427468284611141,1017.6555932203389,3.8094744121715074,
74692,35.0,-77.97,42.0,16.822429620563035,1018.0789364640884,3.948306841741535,
74594,38.8167,-76.85,86.0,14.267647867950481,1017.9303988183161,3.6458189357290953,
74694,35.47,-77.97,41.0,16.311821933962264,1018.0355662983426,3.6321810699588477,
74643,36.4333,-96.3833,251.0,16.505051903114186,1016.142214532872,2.5204070407040704,
74647,36.6833,-97.4667,306.0,15.735535563677256,1015.6950045139934,4.372249134948096,
74598,37.0833,-76.35,3.0,16.293598233995585,1018.299494047619,3.803660220994475,
74638,34.3,-103.8,1326.0,16.212871287128714,1013.4865743944638,0.8179238754325259,
74696,35.15,-75.3,1.0,19.133079584775086,1017.5986851211073,3.709315068493151,
74693,35.1333,-78.9333,74.0,17.603564466722364,1017.9195106844224,4.971546961325967,
74590,39.7667,-74.1,6.0,13.468442906574394,1016.794740484429,2.935984640702139,
74614,36.5833,-115.6667,955.0,17.838715953307393,1012.6098433343187,0.5386851211072665,
74612,35.6833,-117.7,696.0,19.318242266551028,1013.6730679837304,0.24757478942782457,
74641,36.4333,-99.5167,667.0,15.23629893238434,1017.1814226519339,1.609295311214697,0.0
74672,36.5682,-87.4808,181.0,15.276665491716603,1018.1991150442478,4.741632088520055,
74611,35.2833,-116.6167,716.0,19.593533619456366,1013.2861111111112,0.3537024221453287,
74671,36.6667,-87.5,174.0,15.501512651265127,1017.8291888691533,5.059944751381215,
74754,31.55,-92.9333,27.0,20.12325943212758,1016.918093922652,3.646366782006921,
74768,33.4829,-90.9856,40.0,18.427862489603548,1018.1173480976718,2.2495530012771394,
74757,30.4073,-89.0701,9.0,20.96739666027922,1017.3572832369941,4.608157678620311,0.0
74745,30.1945,-97.6699,165.0,20.643881741034768,1015.8770311209033,2.641253764029565,0.14782370654256774
74776,30.8378,-85.1819,34.0,20.360488072388264,1017.5657785179018,3.8413546255506605,0.0
74781,30.9667,-83.2,71.0,20.208926585094556,1017.9204538485128,5.6598201936376205,
74740,30.5167,-99.7667,533.0,19.819126133553176,1014.2933295964125,1.4273225541244177,0.06780660377358491
74777,30.4167,-86.6833,12.0,20.6996115427303,1017.4518552311434,6.573618784530386,
74732,32.85,-106.1,1248.0,17.579544175576817,1013.7060872198667,2.974117647058824,
74775,30.0667,-85.5833,5.0,21.18063787750494,1017.8778527607361,6.716724257083621,
74736,36.0226,-102.5473,1217.0,13.907450013694877,1014.5347681199668,1.1276910435497123,1.583268178264269
74750,31.7833,-95.7167,119.0,19.564638888888886,1016.4149171270717,4.298275862068966,
74759,31.2649,-89.2529,46.0,19.617132675438594,1017.8444664590999,4.415767862031207,0.020326823435631726
74746,30.6335,-96.4836,80.0,21.210402408978922,1017.1296270718232,2.94141801259239,0.1393092743500194
74702,36.3333,-119.95,71.0,18.259590792838875,1015.398128419234,0.5829453015427769,
74756,29.6901,-82.2718,46.0,21.116753353408157,1018.3761797117829,3.835860936216808,0.0
74739,32.8198,-97.3624,216.0,19.66741758241758,1015.7275553066369,2.585158817086528,0.0
74791,33.6833,-78.9333,8.0,18.903271192402393,1018.2475809523809,4.625828729281768,
74796,27.65,-81.3333,20.0,23.040975300823305,1017.1739640883977,3.4426297577854674,
78535,18.25,-65.1333,12.0,27.1854556803995,1016.2603310852237,2.892839330245814,
74790,33.9667,-80.4833,74.0,18.387468741317033,1017.7700089525514,4.508977900552487,
74783,26.0726,-80.1527,3.0,25.49723439211391,1016.7301662049863,4.6469477142075,0.0
74793,27.6561,-80.4181,44.0,23.791787571858745,1017.849832120873,3.651272926361894,0.0
74782,30.3363,-81.5144,13.0,21.603065973172736,1017.9152475247523,3.666493293183685,0.0
78514,18.5,-67.1333,72.0,26.12351543942993,1015.779723183391,2.4984083044982697,
74794,28.4667,-80.5667,3.0,23.3067556060176,1017.4100424757281,4.307058823529411,
74916,31.3824,-103.5107,797.0,19.14146005509642,1016.5891574585636,0.6265051903114186,
74787,29.1799,-81.0581,10.0,22.430468108404053,1017.7314662273476,3.628415001368738,0.08955807587016035
74795,28.2333,-80.6,3.0,23.962306610407875,1017.5270006108735,4.686574394463668,
74788,27.85,-82.5,4.0,23.37545277235999,1017.2943418701609,5.562448132780083,
74923,65.2404,-166.3393,90.0,-2.6524662268300343,1010.2272698003864,1.231598712446352,
91165,21.9833,-159.3333,45.0,24.593731179852174,1017.0536683997689,2.3346290719956198,0.0
91176,21.45,-157.75,7.0,25.409035971223023,1015.3885419570672,1.6209594333547974,0.0
91178,21.3167,-158.0667,10.0,25.20043120344963,1017.3979281767957,1.4193771626297578,
91170,21.4833,-158.0333,255.0,22.615776081424936,1016.2682098765432,4.043460207612457,
91171,21.5667,-158.25,341.0,22.573116793365585,1017.0325501036629,1.9970205623164077,
89108,-89.0,-0.3,2755.0,-45.94017267648553,1008.5243204577969,0.021673819742489272,
91172,21.4333,-158.1333,35.0,24.211195577055978,1017.0376641326883,1.2243626062322945,
89769,-78.5,168.35,50.0,-23.52463503649635,987.3163688348819,0.31393852751965695,
91162,22.0333,-159.7833,4.0,24.675912408759128,1016.3804268292682,1.812629022465088,
91066,28.2167,-177.3667,4.0,23.097932053175775,1021.2582954200788,2.8740868366643695,
91212,13.4833,144.8,91.0,27.774596222283055,1010.5921412300684,7.136846427593759,0.0
91190,20.9,-156.4333,16.0,24.885765124555157,1016.5705898566704,1.2172876712328768,0.0
91198,20.7667,-156.3333,928.0,18.26323427781617,1018.3613683483069,2.705214979195562,
91285,19.7167,-155.05,12.0,23.689679715302493,1016.5717497837993,8.449548316452232,0.0
91184,21.3333,-157.7167,18.0,23.93662750518314,1017.0041465100207,2.5626232446967436,
91233,14.9833,145.6167,82.0,28.069108500345543,1011.2015905947442,5.075726141078838,
91196,20.9,-156.2167,213.0,22.927919834139598,1017.0656530753281,7.126988636363636,
91245,19.2833,166.65,4.0,27.169472502805835,1014.0058051140289,2.996058091286307,
91186,21.15,-157.1,138.0,24.268406285072952,1016.880473204105,1.224582077281447,
91182,21.3333,-157.95,4.0,25.476621954557896,1016.2302913688841,1.1292636189433343,0.0
91232,15.1167,145.7333,66.0,28.110145454545453,1011.9255701451277,4.587161237339173,0.0
91217,13.9167,144.8333,111.0,27.247714285714284,1010.2494285714286,,
91221,14.1833,145.25,185.0,26.902074688796677,1010.6647994467497,6.583017817371937,
91218,13.5833,144.9333,187.0,26.84307437102571,1010.6570170109358,10.809931034482759,
